{
  "id": "",
  "name": "",
  "font_family": "iconfont",
  "css_prefix_text": "icon-",
  "description": "",
  "glyphs": [
    {
      "icon_id": "11674090",
      "name": "home",
      "font_class": "home",
      "unicode": "e7a7",
      "unicode_decimal": 59303
    },
    {
      "icon_id": "12011692",
      "name": "account",
      "font_class": "account",
      "unicode": "e7b2",
      "unicode_decimal": 59314
    },
    {
      "icon_id": "12011696",
      "name": "order",
      "font_class": "order",
      "unicode": "e7b3",
      "unicode_decimal": 59315
    },
    {
      "icon_id": "12011697",
      "name": "search",
      "font_class": "search",
      "unicode": "e7b4",
      "unicode_decimal": 59316
    }
  ]
}
